Date,Time,Global_active_power
16/12/2006,17:24:00,4.592
16/12/2006,17:25:00,4.841
16/12/2006,17:26:00,3.207
16/12/2006,17:27:00,0.77
16/12/2006,17:28:00,5.894
16/12/2006,17:29:00,1.656
16/12/2006,17:30:00,5.284
16/12/2006,17:31:00,0.803
16/12/2006,17:32:00,1.815
16/12/2006,17:33:00,2.215
16/12/2006,17:34:00,2.698
16/12/2006,17:35:00,5.535
16/12/2006,17:36:00,5.607
16/12/2006,17:37:00,2.107
16/12/2006,17:38:00,3.87
16/12/2006,17:39:00,0.723
16/12/2006,17:40:00,4.932
16/12/2006,17:41:00,4.437
16/12/2006,17:42:00,2.632
16/12/2006,17:43:00,3.724
16/12/2006,17:44:00,2.367
16/12/2006,17:45:00,0.908
16/12/2006,17:46:00,2.279
16/12/2006,17:47:00,1.752
16/12/2006,17:48:00,2.769
16/12/2006,17:49:00,5.838
16/12/2006,17:50:00,2.144
16/12/2006,17:51:00,3.774
16/12/2006,17:52:00,0.555
16/12/2006,17:53:00,4.131
16/12/2006,17:54:00,1.775
16/12/2006,17:55:00,0.879
16/12/2006,17:56:00,4.69
16/12/2006,17:57:00,2.394
16/12/2006,17:58:00,5.09
16/12/2006,17:59:00,5.224
16/12/2006,18:00:00,3.741
16/12/2006,18:01:00,1.762
16/12/2006,18:02:00,3.752
16/12/2006,18:03:00,4.693
16/12/2006,18:04:00,5.193
16/12/2006,18:05:00,3.762
16/12/2006,18:06:00,4.117
16/12/2006,18:07:00,0.727
16/12/2006,18:08:00,3.669
16/12/2006,18:09:00,3.643
16/12/2006,18:10:00,5.14
16/12/2006,18:11:00,0.564
16/12/2006,18:12:00,1.068
16/12/2006,18:13:00,1.466
16/12/2006,18:14:00,4.72
16/12/2006,18:15:00,2.659
16/12/2006,18:16:00,3.049
16/12/2006,18:17:00,4.478
16/12/2006,18:18:00,5.101
16/12/2006,18:19:00,2.784
16/12/2006,18:20:00,2.326
16/12/2006,18:21:00,3.293
16/12/2006,18:22:00,3.646
16/12/2006,18:23:00,5.738
16/12/2006,18:24:00,4.304
16/12/2006,18:25:00,1.48
16/12/2006,18:26:00,5.381
16/12/2006,18:27:00,0.674
16/12/2006,18:28:00,1.215
16/12/2006,18:29:00,3.204
16/12/2006,18:30:00,1.419
16/12/2006,18:31:00,3.939
16/12/2006,18:32:00,3.08
16/12/2006,18:33:00,5.721
16/12/2006,18:34:00,2.479
16/12/2006,18:35:00,1.398
16/12/2006,18:36:00,1.709
16/12/2006,18:37:00,2.596
16/12/2006,18:38:00,1.0
16/12/2006,18:39:00,1.649
16/12/2006,18:40:00,0.715
16/12/2006,18:41:00,5.474
16/12/2006,18:42:00,5.824
16/12/2006,18:43:00,5.251
16/12/2006,18:44:00,1.048
16/12/2006,18:45:00,5.924
16/12/2006,18:46:00,2.402
16/12/2006,18:47:00,2.46
16/12/2006,18:48:00,3.44
16/12/2006,18:49:00,5.556
16/12/2006,18:50:00,1.926
16/12/2006,18:51:00,2.602
16/12/2006,18:52:00,2.219
16/12/2006,18:53:00,0.798
16/12/2006,18:54:00,3.134
16/12/2006,18:55:00,1.839
16/12/2006,18:56:00,2.145
16/12/2006,18:57:00,1.801
16/12/2006,18:58:00,1.021
16/12/2006,18:59:00,2.924
16/12/2006,19:00:00,4.735
16/12/2006,19:01:00,4.837
16/12/2006,19:02:00,5.448
16/12/2006,19:03:00,2.901
16/12/2006,19:04:00,2.251
16/12/2006,19:05:00,5.07
16/12/2006,19:06:00,3.488
16/12/2006,19:07:00,2.359
16/12/2006,19:08:00,4.281
16/12/2006,19:09:00,2.293
16/12/2006,19:10:00,5.729
16/12/2006,19:11:00,2.482
16/12/2006,19:12:00,2.436
16/12/2006,19:13:00,2.434
16/12/2006,19:14:00,4.691
16/12/2006,19:15:00,3.351
16/12/2006,19:16:00,2.634
16/12/2006,19:17:00,3.151
16/12/2006,19:18:00,1.782
16/12/2006,19:19:00,2.515
16/12/2006,19:20:00,1.706
16/12/2006,19:21:00,5.8
16/12/2006,19:22:00,2.072
16/12/2006,19:23:00,1.681
16/12/2006,19:24:00,4.666
16/12/2006,19:25:00,4.644
16/12/2006,19:26:00,5.95
16/12/2006,19:27:00,2.577
16/12/2006,19:28:00,1.881
16/12/2006,19:29:00,5.357
16/12/2006,19:30:00,1.9
16/12/2006,19:31:00,4.749
16/12/2006,19:32:00,3.048
16/12/2006,19:33:00,5.901
16/12/2006,19:34:00,0.917
16/12/2006,19:35:00,5.055
16/12/2006,19:36:00,5.933
16/12/2006,19:37:00,1.712
16/12/2006,19:38:00,4.179
16/12/2006,19:39:00,0.598
16/12/2006,19:40:00,1.201
16/12/2006,19:41:00,1.707
16/12/2006,19:42:00,2.747
16/12/2006,19:43:00,1.156
16/12/2006,19:44:00,0.77
16/12/2006,19:45:00,2.467
16/12/2006,19:46:00,5.093
16/12/2006,19:47:00,2.993
16/12/2006,19:48:00,5.134
16/12/2006,19:49:00,5.244
16/12/2006,19:50:00,4.87
16/12/2006,19:51:00,3.906
16/12/2006,19:52:00,2.673
16/12/2006,19:53:00,4.625
16/12/2006,19:54:00,1.621
16/12/2006,19:55:00,5.37
16/12/2006,19:56:00,4.03
16/12/2006,19:57:00,4.034
16/12/2006,19:58:00,3.326
16/12/2006,19:59:00,4.277
16/12/2006,20:00:00,1.773
16/12/2006,20:01:00,2.228
16/12/2006,20:02:00,5.429
16/12/2006,20:03:00,1.506
16/12/2006,20:04:00,0.99
16/12/2006,20:05:00,2.634
16/12/2006,20:06:00,3.23
16/12/2006,20:07:00,3.865
16/12/2006,20:08:00,5.9
16/12/2006,20:09:00,1.656
16/12/2006,20:10:00,5.501
16/12/2006,20:11:00,2.69
16/12/2006,20:12:00,4.65
16/12/2006,20:13:00,2.96
16/12/2006,20:14:00,5.585
16/12/2006,20:15:00,4.745
16/12/2006,20:16:00,4.63
16/12/2006,20:17:00,1.342
16/12/2006,20:18:00,3.37
16/12/2006,20:19:00,1.491
16/12/2006,20:20:00,4.775
16/12/2006,20:21:00,2.878
16/12/2006,20:22:00,5.979
16/12/2006,20:23:00,2.534
16/12/2006,20:24:00,2.346
16/12/2006,20:25:00,0.572
16/12/2006,20:26:00,5.936
16/12/2006,20:27:00,5.041
16/12/2006,20:28:00,1.109
16/12/2006,20:29:00,3.922
16/12/2006,20:30:00,5.309
16/12/2006,20:31:00,5.191
16/12/2006,20:32:00,1.169
16/12/2006,20:33:00,4.787
16/12/2006,20:34:00,3.89
16/12/2006,20:35:00,0.703
16/12/2006,20:36:00,2.686
16/12/2006,20:37:00,0.577
16/12/2006,20:38:00,5.376
16/12/2006,20:39:00,1.881
16/12/2006,20:40:00,1.029
16/12/2006,20:41:00,2.353
16/12/2006,20:42:00,3.992
16/12/2006,20:43:00,1.27
16/12/2006,20:44:00,4.89
16/12/2006,20:45:00,5.847
16/12/2006,20:46:00,2.197
16/12/2006,20:47:00,4.499
16/12/2006,20:48:00,5.087
16/12/2006,20:49:00,3.097
16/12/2006,20:50:00,0.566
16/12/2006,20:51:00,0.812
16/12/2006,20:52:00,5.825
16/12/2006,20:53:00,4.381
16/12/2006,20:54:00,5.313
16/12/2006,20:55:00,4.439
16/12/2006,20:56:00,0.868
16/12/2006,20:57:00,1.588
16/12/2006,20:58:00,2.104
16/12/2006,20:59:00,2.568
16/12/2006,21:00:00,1.819
16/12/2006,21:01:00,5.536
16/12/2006,21:02:00,5.898
16/12/2006,21:03:00,2.291
16/12/2006,21:04:00,1.04
16/12/2006,21:05:00,5.84
16/12/2006,21:06:00,3.347
16/12/2006,21:07:00,4.169
16/12/2006,21:08:00,2.641
16/12/2006,21:09:00,5.266
16/12/2006,21:10:00,5.96
16/12/2006,21:11:00,1.213
16/12/2006,21:12:00,5.266
16/12/2006,21:13:00,0.646
16/12/2006,21:14:00,3.389
16/12/2006,21:15:00,4.705
16/12/2006,21:16:00,5.245
16/12/2006,21:17:00,5.074
16/12/2006,21:18:00,3.316
16/12/2006,21:19:00,5.123
16/12/2006,21:20:00,3.648
16/12/2006,21:21:00,4.406
16/12/2006,21:22:00,2.921
16/12/2006,21:23:00,3.152
16/12/2006,21:24:00,3.576
16/12/2006,21:25:00,1.595
16/12/2006,21:26:00,2.563
16/12/2006,21:27:00,2.604
16/12/2006,21:28:00,3.989
16/12/2006,21:29:00,1.097
16/12/2006,21:30:00,3.148
16/12/2006,21:31:00,2.796
16/12/2006,21:32:00,3.133
16/12/2006,21:33:00,2.845
16/12/2006,21:34:00,2.982
16/12/2006,21:35:00,2.63
16/12/2006,21:36:00,5.01
16/12/2006,21:37:00,5.772
16/12/2006,21:38:00,2.489
16/12/2006,21:39:00,0.731
16/12/2006,21:40:00,5.448
16/12/2006,21:41:00,4.992
16/12/2006,21:42:00,4.049
16/12/2006,21:43:00,4.449
16/12/2006,21:44:00,2.481
16/12/2006,21:45:00,1.5
16/12/2006,21:46:00,2.407
16/12/2006,21:47:00,1.036
16/12/2006,21:48:00,5.468
16/12/2006,21:49:00,3.792
16/12/2006,21:50:00,0.509
16/12/2006,21:51:00,0.824
16/12/2006,21:52:00,2.138
16/12/2006,21:53:00,4.677
16/12/2006,21:54:00,2.967
16/12/2006,21:55:00,5.604
16/12/2006,21:56:00,4.53
16/12/2006,21:57:00,3.4
16/12/2006,21:58:00,1.4
16/12/2006,21:59:00,1.324
16/12/2006,22:00:00,0.575
16/12/2006,22:01:00,1.813
16/12/2006,22:02:00,4.995
16/12/2006,22:03:00,2.557
16/12/2006,22:04:00,5.411
16/12/2006,22:05:00,0.992
16/12/2006,22:06:00,1.405
16/12/2006,22:07:00,5.079
16/12/2006,22:08:00,5.822
16/12/2006,22:09:00,5.011
16/12/2006,22:10:00,1.119
16/12/2006,22:11:00,2.965
16/12/2006,22:12:00,2.898
16/12/2006,22:13:00,1.315
16/12/2006,22:14:00,2.743
16/12/2006,22:15:00,4.416
16/12/2006,22:16:00,0.995
16/12/2006,22:17:00,5.139
16/12/2006,22:18:00,3.8
16/12/2006,22:19:00,4.311
16/12/2006,22:20:00,0.924
16/12/2006,22:21:00,4.558
16/12/2006,22:22:00,5.068
16/12/2006,22:23:00,2.735
16/12/2006,22:24:00,2.808
16/12/2006,22:25:00,2.399
16/12/2006,22:26:00,5.007
16/12/2006,22:27:00,5.95
16/12/2006,22:28:00,1.783
16/12/2006,22:29:00,4.715
16/12/2006,22:30:00,3.873
16/12/2006,22:31:00,1.376
16/12/2006,22:32:00,1.707
16/12/2006,22:33:00,0.806
16/12/2006,22:34:00,0.656
16/12/2006,22:35:00,3.779
16/12/2006,22:36:00,2.166
16/12/2006,22:37:00,4.842
16/12/2006,22:38:00,1.691
16/12/2006,22:39:00,5.741
16/12/2006,22:40:00,0.754
16/12/2006,22:41:00,2.491
16/12/2006,22:42:00,2.686
16/12/2006,22:43:00,5.785
16/12/2006,22:44:00,3.848
16/12/2006,22:45:00,4.939
16/12/2006,22:46:00,0.666
16/12/2006,22:47:00,1.413
16/12/2006,22:48:00,4.905
16/12/2006,22:49:00,1.449
16/12/2006,22:50:00,2.943
16/12/2006,22:51:00,2.003
16/12/2006,22:52:00,3.768
16/12/2006,22:53:00,5.639
16/12/2006,22:54:00,4.571
16/12/2006,22:55:00,0.551
16/12/2006,22:56:00,4.677
16/12/2006,22:57:00,3.976
16/12/2006,22:58:00,1.953
16/12/2006,22:59:00,5.57
16/12/2006,23:00:00,2.423
16/12/2006,23:01:00,2.409
16/12/2006,23:02:00,1.537
16/12/2006,23:03:00,5.111
16/12/2006,23:04:00,2.655
16/12/2006,23:05:00,3.935
16/12/2006,23:06:00,2.035
16/12/2006,23:07:00,4.664
16/12/2006,23:08:00,5.773
16/12/2006,23:09:00,0.733
16/12/2006,23:10:00,4.939
16/12/2006,23:11:00,5.784
16/12/2006,23:12:00,4.535
16/12/2006,23:13:00,3.609
16/12/2006,23:14:00,2.544
16/12/2006,23:15:00,1.197
16/12/2006,23:16:00,4.763
16/12/2006,23:17:00,5.014
16/12/2006,23:18:00,5.796
16/12/2006,23:19:00,1.443
16/12/2006,23:20:00,4.605
16/12/2006,23:21:00,3.33
16/12/2006,23:22:00,4.799
16/12/2006,23:23:00,1.512
16/12/2006,23:24:00,4.57
16/12/2006,23:25:00,1.303
16/12/2006,23:26:00,2.289
16/12/2006,23:27:00,3.682
16/12/2006,23:28:00,4.474
16/12/2006,23:29:00,5.903
16/12/2006,23:30:00,1.712
16/12/2006,23:31:00,5.976
16/12/2006,23:32:00,2.389
16/12/2006,23:33:00,4.768
16/12/2006,23:34:00,5.66
16/12/2006,23:35:00,5.591
16/12/2006,23:36:00,3.52
16/12/2006,23:37:00,5.509
16/12/2006,23:38:00,3.014
16/12/2006,23:39:00,4.738
16/12/2006,23:40:00,5.778
16/12/2006,23:41:00,5.793
16/12/2006,23:42:00,3.296
16/12/2006,23:43:00,1.301
16/12/2006,23:44:00,2.95
16/12/2006,23:45:00,2.56
16/12/2006,23:46:00,3.495
16/12/2006,23:47:00,3.697
16/12/2006,23:48:00,1.511
16/12/2006,23:49:00,5.567
16/12/2006,23:50:00,3.424
16/12/2006,23:51:00,4.04
16/12/2006,23:52:00,3.705
16/12/2006,23:53:00,1.396
16/12/2006,23:54:00,2.553
16/12/2006,23:55:00,2.87
16/12/2006,23:56:00,4.726
16/12/2006,23:57:00,3.542
16/12/2006,23:58:00,5.482
16/12/2006,23:59:00,5.04
17/12/2006,00:00:00,2.657
17/12/2006,00:01:00,5.288
17/12/2006,00:02:00,3.746
17/12/2006,00:03:00,4.967
17/12/2006,00:04:00,5.116
17/12/2006,00:05:00,0.944
17/12/2006,00:06:00,5.13
17/12/2006,00:07:00,2.715
17/12/2006,00:08:00,2.936
17/12/2006,00:09:00,3.516
17/12/2006,00:10:00,4.141
17/12/2006,00:11:00,5.306
17/12/2006,00:12:00,4.684
17/12/2006,00:13:00,3.894
17/12/2006,00:14:00,3.431
17/12/2006,00:15:00,4.895
17/12/2006,00:16:00,1.098
17/12/2006,00:17:00,0.875
17/12/2006,00:18:00,0.611
17/12/2006,00:19:00,4.59
17/12/2006,00:20:00,3.508
17/12/2006,00:21:00,4.961
17/12/2006,00:22:00,3.363
17/12/2006,00:23:00,1.665
17/12/2006,00:24:00,1.471
17/12/2006,00:25:00,1.919
17/12/2006,00:26:00,1.243
17/12/2006,00:27:00,4.7
17/12/2006,00:28:00,4.075
17/12/2006,00:29:00,2.87
17/12/2006,00:30:00,4.252
17/12/2006,00:31:00,2.443
17/12/2006,00:32:00,5.904
17/12/2006,00:33:00,5.843
17/12/2006,00:34:00,1.305
17/12/2006,00:35:00,1.392
17/12/2006,00:36:00,2.282
17/12/2006,00:37:00,2.489
17/12/2006,00:38:00,5.972
17/12/2006,00:39:00,5.386
17/12/2006,00:40:00,5.966
17/12/2006,00:41:00,0.568
17/12/2006,00:42:00,5.434
17/12/2006,00:43:00,2.679
17/12/2006,00:44:00,4.117
17/12/2006,00:45:00,4.319
17/12/2006,00:46:00,3.13
17/12/2006,00:47:00,4.657
17/12/2006,00:48:00,2.395
17/12/2006,00:49:00,1.103
17/12/2006,00:50:00,4.965
17/12/2006,00:51:00,5.957
17/12/2006,00:52:00,4.726
17/12/2006,00:53:00,4.701
17/12/2006,00:54:00,1.308
17/12/2006,00:55:00,4.708
17/12/2006,00:56:00,4.646
17/12/2006,00:57:00,5.186
17/12/2006,00:58:00,3.756
17/12/2006,00:59:00,4.461
17/12/2006,01:00:00,5.337
17/12/2006,01:01:00,3.745
17/12/2006,01:02:00,4.391
17/12/2006,01:03:00,3.437
17/12/2006,01:04:00,5.386
17/12/2006,01:05:00,4.752
17/12/2006,01:06:00,2.19
17/12/2006,01:07:00,1.941
17/12/2006,01:08:00,3.949
17/12/2006,01:09:00,3.133
17/12/2006,01:10:00,4.405
17/12/2006,01:11:00,5.443
17/12/2006,01:12:00,2.217
17/12/2006,01:13:00,5.412
17/12/2006,01:14:00,1.64
17/12/2006,01:15:00,4.201
17/12/2006,01:16:00,1.163
17/12/2006,01:17:00,4.596
17/12/2006,01:18:00,5.648
17/12/2006,01:19:00,4.955
17/12/2006,01:20:00,5.543
17/12/2006,01:21:00,5.893
17/12/2006,01:22:00,2.593
17/12/2006,01:23:00,1.278
17/12/2006,01:24:00,2.891
17/12/2006,01:25:00,3.583
17/12/2006,01:26:00,3.199
17/12/2006,01:27:00,5.952
17/12/2006,01:28:00,3.202
17/12/2006,01:29:00,2.513
17/12/2006,01:30:00,3.702
17/12/2006,01:31:00,5.44
17/12/2006,01:32:00,5.533
17/12/2006,01:33:00,1.206
17/12/2006,01:34:00,5.528
17/12/2006,01:35:00,3.308
17/12/2006,01:36:00,2.327
17/12/2006,01:37:00,5.905
17/12/2006,01:38:00,4.944
17/12/2006,01:39:00,3.994
17/12/2006,01:40:00,2.891
17/12/2006,01:41:00,2.005
17/12/2006,01:42:00,4.696
17/12/2006,01:43:00,2.934
17/12/2006,01:44:00,1.088
17/12/2006,01:45:00,2.986
17/12/2006,01:46:00,5.944
17/12/2006,01:47:00,4.161
17/12/2006,01:48:00,2.646
17/12/2006,01:49:00,5.621
17/12/2006,01:50:00,5.767
17/12/2006,01:51:00,1.69
17/12/2006,01:52:00,1.15
17/12/2006,01:53:00,5.572
17/12/2006,01:54:00,4.228
17/12/2006,01:55:00,1.174
17/12/2006,01:56:00,5.198
17/12/2006,01:57:00,4.951
17/12/2006,01:58:00,1.523
17/12/2006,01:59:00,3.207
17/12/2006,02:00:00,3.446
17/12/2006,02:01:00,4.803
17/12/2006,02:02:00,5.976
17/12/2006,02:03:00,1.151
17/12/2006,02:04:00,3.709
17/12/2006,02:05:00,3.782
17/12/2006,02:06:00,0.784
17/12/2006,02:07:00,4.028
17/12/2006,02:08:00,5.089
17/12/2006,02:09:00,0.849
17/12/2006,02:10:00,1.34
17/12/2006,02:11:00,1.734
17/12/2006,02:12:00,3.43
17/12/2006,02:13:00,5.39
17/12/2006,02:14:00,1.532
17/12/2006,02:15:00,4.686
17/12/2006,02:16:00,3.938
17/12/2006,02:17:00,5.876
17/12/2006,02:18:00,2.786
17/12/2006,02:19:00,1.975
17/12/2006,02:20:00,5.461
17/12/2006,02:21:00,4.142
17/12/2006,02:22:00,1.176
17/12/2006,02:23:00,2.667
17/12/2006,02:24:00,1.108
17/12/2006,02:25:00,4.938
17/12/2006,02:26:00,0.812
17/12/2006,02:27:00,1.563
17/12/2006,02:28:00,2.845
17/12/2006,02:29:00,3.818
17/12/2006,02:30:00,3.508
17/12/2006,02:31:00,1.487
17/12/2006,02:32:00,2.451
17/12/2006,02:33:00,5.079
17/12/2006,02:34:00,2.534
17/12/2006,02:35:00,1.145
17/12/2006,02:36:00,4.255
17/12/2006,02:37:00,4.253
17/12/2006,02:38:00,2.025
17/12/2006,02:39:00,0.611
17/12/2006,02:40:00,0.702
17/12/2006,02:41:00,4.752
17/12/2006,02:42:00,3.443
17/12/2006,02:43:00,4.935
17/12/2006,02:44:00,3.478
17/12/2006,02:45:00,4.342
17/12/2006,02:46:00,0.944
17/12/2006,02:47:00,2.916
17/12/2006,02:48:00,2.678
17/12/2006,02:49:00,2.518
17/12/2006,02:50:00,3.886
17/12/2006,02:51:00,4.605
17/12/2006,02:52:00,2.84
17/12/2006,02:53:00,2.764
17/12/2006,02:54:00,3.659
17/12/2006,02:55:00,4.247
17/12/2006,02:56:00,4.935
17/12/2006,02:57:00,4.814
17/12/2006,02:58:00,3.722
17/12/2006,02:59:00,3.086
17/12/2006,03:00:00,1.179
17/12/2006,03:01:00,2.77
17/12/2006,03:02:00,0.96
17/12/2006,03:03:00,3.552
17/12/2006,03:04:00,4.701
17/12/2006,03:05:00,2.095
17/12/2006,03:06:00,4.86
17/12/2006,03:07:00,5.797
17/12/2006,03:08:00,0.765
17/12/2006,03:09:00,5.585
17/12/2006,03:10:00,2.526
17/12/2006,03:11:00,1.223
17/12/2006,03:12:00,3.454
17/12/2006,03:13:00,2.252
17/12/2006,03:14:00,4.016
17/12/2006,03:15:00,3.949
17/12/2006,03:16:00,1.581
17/12/2006,03:17:00,2.511
17/12/2006,03:18:00,5.518
17/12/2006,03:19:00,1.426
17/12/2006,03:20:00,5.612
17/12/2006,03:21:00,5.006
17/12/2006,03:22:00,5.579
17/12/2006,03:23:00,3.274
17/12/2006,03:24:00,1.36
17/12/2006,03:25:00,4.79
17/12/2006,03:26:00,4.842
17/12/2006,03:27:00,5.213
17/12/2006,03:28:00,2.982
17/12/2006,03:29:00,0.567
17/12/2006,03:30:00,4.433
17/12/2006,03:31:00,2.099
17/12/2006,03:32:00,5.663
17/12/2006,03:33:00,3.967
17/12/2006,03:34:00,5.587
17/12/2006,03:35:00,0.837
17/12/2006,03:36:00,3.174
17/12/2006,03:37:00,1.611
17/12/2006,03:38:00,3.403
17/12/2006,03:39:00,0.557
17/12/2006,03:40:00,1.413
17/12/2006,03:41:00,4.037
17/12/2006,03:42:00,1.796
17/12/2006,03:43:00,1.418
17/12/2006,03:44:00,3.613
17/12/2006,03:45:00,3.827
17/12/2006,03:46:00,2.968
17/12/2006,03:47:00,3.258
17/12/2006,03:48:00,1.559
17/12/2006,03:49:00,3.155
17/12/2006,03:50:00,4.462
17/12/2006,03:51:00,2.944
17/12/2006,03:52:00,1.572
17/12/2006,03:53:00,2.136
17/12/2006,03:54:00,1.389
17/12/2006,03:55:00,2.052
17/12/2006,03:56:00,4.477
17/12/2006,03:57:00,5.811
17/12/2006,03:58:00,1.633
17/12/2006,03:59:00,2.73
17/12/2006,04:00:00,5.408
17/12/2006,04:01:00,5.545
17/12/2006,04:02:00,3.751
17/12/2006,04:03:00,0.54
17/12/2006,04:04:00,0.951
17/12/2006,04:05:00,3.646
17/12/2006,04:06:00,5.328
17/12/2006,04:07:00,5.599
17/12/2006,04:08:00,4.556
17/12/2006,04:09:00,0.531
17/12/2006,04:10:00,4.608
17/12/2006,04:11:00,4.577
17/12/2006,04:12:00,3.097
17/12/2006,04:13:00,1.075
17/12/2006,04:14:00,1.106
17/12/2006,04:15:00,4.858
17/12/2006,04:16:00,4.357
17/12/2006,04:17:00,3.223
17/12/2006,04:18:00,0.508
17/12/2006,04:19:00,4.562
17/12/2006,04:20:00,1.961
17/12/2006,04:21:00,5.103
17/12/2006,04:22:00,4.927
17/12/2006,04:23:00,1.967
17/12/2006,04:24:00,4.057
17/12/2006,04:25:00,4.666
17/12/2006,04:26:00,4.536
17/12/2006,04:27:00,4.163
17/12/2006,04:28:00,4.172
17/12/2006,04:29:00,3.521
17/12/2006,04:30:00,5.276
17/12/2006,04:31:00,1.628
17/12/2006,04:32:00,2.468
17/12/2006,04:33:00,3.86
17/12/2006,04:34:00,5.448
17/12/2006,04:35:00,2.335
17/12/2006,04:36:00,1.812
17/12/2006,04:37:00,4.209
17/12/2006,04:38:00,3.454
17/12/2006,04:39:00,3.272
17/12/2006,04:40:00,1.741
17/12/2006,04:41:00,1.533
17/12/2006,04:42:00,4.329
17/12/2006,04:43:00,0.693
17/12/2006,04:44:00,5.212
17/12/2006,04:45:00,4.802
17/12/2006,04:46:00,3.419
17/12/2006,04:47:00,2.455
17/12/2006,04:48:00,4.865
17/12/2006,04:49:00,5.296
17/12/2006,04:50:00,4.925
17/12/2006,04:51:00,4.091
17/12/2006,04:52:00,5.571
17/12/2006,04:53:00,2.396
17/12/2006,04:54:00,5.456
17/12/2006,04:55:00,2.913
17/12/2006,04:56:00,1.247
17/12/2006,04:57:00,1.816
17/12/2006,04:58:00,0.693
17/12/2006,04:59:00,2.231
17/12/2006,05:00:00,5.414
17/12/2006,05:01:00,2.218
17/12/2006,05:02:00,3.834
17/12/2006,05:03:00,1.61
17/12/2006,05:04:00,5.018
17/12/2006,05:05:00,2.928
17/12/2006,05:06:00,1.952
17/12/2006,05:07:00,0.565
17/12/2006,05:08:00,3.469
17/12/2006,05:09:00,1.449
17/12/2006,05:10:00,5.96
17/12/2006,05:11:00,4.05
17/12/2006,05:12:00,4.885
17/12/2006,05:13:00,0.772
17/12/2006,05:14:00,2.621
17/12/2006,05:15:00,2.655
17/12/2006,05:16:00,1.515
17/12/2006,05:17:00,1.563
17/12/2006,05:18:00,4.676
17/12/2006,05:19:00,5.43
17/12/2006,05:20:00,4.685
17/12/2006,05:21:00,5.155
17/12/2006,05:22:00,2.207
17/12/2006,05:23:00,3.643
17/12/2006,05:24:00,4.566
17/12/2006,05:25:00,1.017
17/12/2006,05:26:00,4.115
17/12/2006,05:27:00,1.578
17/12/2006,05:28:00,4.915
17/12/2006,05:29:00,0.967
17/12/2006,05:30:00,3.891
17/12/2006,05:31:00,3.203
17/12/2006,05:32:00,1.871
17/12/2006,05:33:00,5.421
17/12/2006,05:34:00,1.292
17/12/2006,05:35:00,2.799
17/12/2006,05:36:00,3.444
17/12/2006,05:37:00,5.634
17/12/2006,05:38:00,5.951
17/12/2006,05:39:00,0.573
17/12/2006,05:40:00,3.284
17/12/2006,05:41:00,1.333
17/12/2006,05:42:00,1.881
17/12/2006,05:43:00,5.516
17/12/2006,05:44:00,4.221
17/12/2006,05:45:00,1.826
17/12/2006,05:46:00,2.417
17/12/2006,05:47:00,4.447
17/12/2006,05:48:00,1.789
17/12/2006,05:49:00,4.768
17/12/2006,05:50:00,3.022
17/12/2006,05:51:00,5.906
17/12/2006,05:52:00,3.217
17/12/2006,05:53:00,4.812
17/12/2006,05:54:00,4.039
17/12/2006,05:55:00,1.477
17/12/2006,05:56:00,1.144
17/12/2006,05:57:00,3.258
17/12/2006,05:58:00,1.328
17/12/2006,05:59:00,2.462
17/12/2006,06:00:00,5.94
17/12/2006,06:01:00,2.157
17/12/2006,06:02:00,3.557
17/12/2006,06:03:00,5.016
17/12/2006,06:04:00,3.075
17/12/2006,06:05:00,0.773
17/12/2006,06:06:00,0.53
17/12/2006,06:07:00,2.524
17/12/2006,06:08:00,3.013
17/12/2006,06:09:00,4.487
17/12/2006,06:10:00,3.532
17/12/2006,06:11:00,2.25
17/12/2006,06:12:00,4.253
17/12/2006,06:13:00,3.887
17/12/2006,06:14:00,1.931
17/12/2006,06:15:00,3.388
17/12/2006,06:16:00,1.357
17/12/2006,06:17:00,4.511
17/12/2006,06:18:00,3.392
17/12/2006,06:19:00,1.361
17/12/2006,06:20:00,4.505
17/12/2006,06:21:00,1.451
17/12/2006,06:22:00,5.621
17/12/2006,06:23:00,1.672
17/12/2006,06:24:00,2.704
17/12/2006,06:25:00,5.065
17/12/2006,06:26:00,2.253
17/12/2006,06:27:00,4.11
17/12/2006,06:28:00,4.808
17/12/2006,06:29:00,3.191
17/12/2006,06:30:00,0.828
17/12/2006,06:31:00,5.058
17/12/2006,06:32:00,2.287
17/12/2006,06:33:00,1.855
17/12/2006,06:34:00,0.628
17/12/2006,06:35:00,3.809
17/12/2006,06:36:00,4.578
17/12/2006,06:37:00,4.494
17/12/2006,06:38:00,4.827
17/12/2006,06:39:00,3.292
17/12/2006,06:40:00,1.452
17/12/2006,06:41:00,4.391
17/12/2006,06:42:00,2.838
17/12/2006,06:43:00,4.937
17/12/2006,06:44:00,5.515
17/12/2006,06:45:00,3.086
17/12/2006,06:46:00,2.861
17/12/2006,06:47:00,5.713
17/12/2006,06:48:00,0.547
17/12/2006,06:49:00,4.577
17/12/2006,06:50:00,4.264
17/12/2006,06:51:00,3.149
17/12/2006,06:52:00,4.402
17/12/2006,06:53:00,1.737
17/12/2006,06:54:00,4.144
17/12/2006,06:55:00,2.01
17/12/2006,06:56:00,5.774
17/12/2006,06:57:00,5.755
17/12/2006,06:58:00,4.549
17/12/2006,06:59:00,3.522
17/12/2006,07:00:00,4.132
17/12/2006,07:01:00,5.816
17/12/2006,07:02:00,3.459
17/12/2006,07:03:00,5.789
17/12/2006,07:04:00,4.288
17/12/2006,07:05:00,5.251
17/12/2006,07:06:00,5.709
17/12/2006,07:07:00,5.41
17/12/2006,07:08:00,4.765
17/12/2006,07:09:00,4.305
17/12/2006,07:10:00,1.117
17/12/2006,07:11:00,3.194
17/12/2006,07:12:00,5.009
17/12/2006,07:13:00,4.04
17/12/2006,07:14:00,4.649
17/12/2006,07:15:00,4.25
17/12/2006,07:16:00,4.897
17/12/2006,07:17:00,4.296
17/12/2006,07:18:00,2.271
17/12/2006,07:19:00,2.299
17/12/2006,07:20:00,2.336
17/12/2006,07:21:00,3.388
17/12/2006,07:22:00,4.533
17/12/2006,07:23:00,5.092
17/12/2006,07:24:00,0.864
17/12/2006,07:25:00,1.46
17/12/2006,07:26:00,1.328
17/12/2006,07:27:00,2.209
17/12/2006,07:28:00,1.378
17/12/2006,07:29:00,4.871
17/12/2006,07:30:00,5.573
17/12/2006,07:31:00,5.664
17/12/2006,07:32:00,4.663
17/12/2006,07:33:00,2.191
17/12/2006,07:34:00,3.913
17/12/2006,07:35:00,5.316
17/12/2006,07:36:00,1.935
17/12/2006,07:37:00,3.189
17/12/2006,07:38:00,2.267
17/12/2006,07:39:00,3.445
17/12/2006,07:40:00,2.661
17/12/2006,07:41:00,5.353
17/12/2006,07:42:00,1.509
17/12/2006,07:43:00,1.529
17/12/2006,07:44:00,5.252
17/12/2006,07:45:00,5.73
17/12/2006,07:46:00,4.395
17/12/2006,07:47:00,1.322
17/12/2006,07:48:00,5.373
17/12/2006,07:49:00,3.312
17/12/2006,07:50:00,4.036
17/12/2006,07:51:00,2.789
17/12/2006,07:52:00,0.54
17/12/2006,07:53:00,6.0
17/12/2006,07:54:00,2.569
17/12/2006,07:55:00,1.604
17/12/2006,07:56:00,1.4
17/12/2006,07:57:00,5.937
17/12/2006,07:58:00,1.304
17/12/2006,07:59:00,2.187
17/12/2006,08:00:00,3.19
17/12/2006,08:01:00,5.626
17/12/2006,08:02:00,2.424
17/12/2006,08:03:00,5.955
17/12/2006,08:04:00,0.715
17/12/2006,08:05:00,0.56
17/12/2006,08:06:00,0.765
17/12/2006,08:07:00,1.048
17/12/2006,08:08:00,2.432
17/12/2006,08:09:00,1.798
17/12/2006,08:10:00,5.818
17/12/2006,08:11:00,3.359
17/12/2006,08:12:00,0.998
17/12/2006,08:13:00,0.582
17/12/2006,08:14:00,3.663
17/12/2006,08:15:00,5.11
17/12/2006,08:16:00,3.686
17/12/2006,08:17:00,1.029
17/12/2006,08:18:00,1.2
17/12/2006,08:19:00,2.104
17/12/2006,08:20:00,0.569
17/12/2006,08:21:00,5.085
17/12/2006,08:22:00,4.739
17/12/2006,08:23:00,2.605
17/12/2006,08:24:00,5.539
17/12/2006,08:25:00,0.581
17/12/2006,08:26:00,1.236
17/12/2006,08:27:00,4.795
17/12/2006,08:28:00,3.234
17/12/2006,08:29:00,2.447
17/12/2006,08:30:00,5.441
17/12/2006,08:31:00,1.334
17/12/2006,08:32:00,5.266
17/12/2006,08:33:00,4.116
17/12/2006,08:34:00,0.712
17/12/2006,08:35:00,4.262
17/12/2006,08:36:00,4.894
17/12/2006,08:37:00,2.464
17/12/2006,08:38:00,0.887
17/12/2006,08:39:00,3.782
17/12/2006,08:40:00,1.453
17/12/2006,08:41:00,2.484
17/12/2006,08:42:00,5.673
17/12/2006,08:43:00,2.708
17/12/2006,08:44:00,3.162
17/12/2006,08:45:00,1.207
17/12/2006,08:46:00,4.052
17/12/2006,08:47:00,4.06
17/12/2006,08:48:00,0.676
17/12/2006,08:49:00,1.575
17/12/2006,08:50:00,3.314
17/12/2006,08:51:00,1.406
17/12/2006,08:52:00,5.793
17/12/2006,08:53:00,1.269
17/12/2006,08:54:00,2.696
17/12/2006,08:55:00,0.766
17/12/2006,08:56:00,1.978
17/12/2006,08:57:00,3.575
17/12/2006,08:58:00,4.098
17/12/2006,08:59:00,4.922
17/12/2006,09:00:00,4.231
17/12/2006,09:01:00,3.39
17/12/2006,09:02:00,4.341
17/12/2006,09:03:00,5.807
17/12/2006,09:04:00,0.851
17/12/2006,09:05:00,5.705
17/12/2006,09:06:00,4.466
17/12/2006,09:07:00,3.699
17/12/2006,09:08:00,1.345
17/12/2006,09:09:00,1.696
17/12/2006,09:10:00,5.452
17/12/2006,09:11:00,2.169
17/12/2006,09:12:00,4.605
17/12/2006,09:13:00,4.048
17/12/2006,09:14:00,3.714
17/12/2006,09:15:00,1.095
17/12/2006,09:16:00,0.855
17/12/2006,09:17:00,2.712
17/12/2006,09:18:00,5.305
17/12/2006,09:19:00,1.164
17/12/2006,09:20:00,5.654
17/12/2006,09:21:00,1.761
17/12/2006,09:22:00,2.709
17/12/2006,09:23:00,5.76
17/12/2006,09:24:00,0.594
17/12/2006,09:25:00,4.961
17/12/2006,09:26:00,4.549
17/12/2006,09:27:00,2.999
17/12/2006,09:28:00,4.507
17/12/2006,09:29:00,0.506
17/12/2006,09:30:00,3.179
17/12/2006,09:31:00,5.533
17/12/2006,09:32:00,3.419
17/12/2006,09:33:00,3.993
17/12/2006,09:34:00,3.304
17/12/2006,09:35:00,0.941
17/12/2006,09:36:00,3.399
17/12/2006,09:37:00,5.37
17/12/2006,09:38:00,0.769
17/12/2006,09:39:00,1.174
17/12/2006,09:40:00,2.065
17/12/2006,09:41:00,5.172
17/12/2006,09:42:00,2.962
17/12/2006,09:43:00,5.638
17/12/2006,09:44:00,4.859
17/12/2006,09:45:00,1.742
17/12/2006,09:46:00,1.748
17/12/2006,09:47:00,1.833
17/12/2006,09:48:00,3.293
17/12/2006,09:49:00,2.507
17/12/2006,09:50:00,1.065
17/12/2006,09:51:00,0.957
17/12/2006,09:52:00,0.839
17/12/2006,09:53:00,2.006
17/12/2006,09:54:00,3.135
17/12/2006,09:55:00,4.481
17/12/2006,09:56:00,2.809
17/12/2006,09:57:00,1.164
17/12/2006,09:58:00,4.741
17/12/2006,09:59:00,4.332
17/12/2006,10:00:00,0.594
17/12/2006,10:01:00,3.222
17/12/2006,10:02:00,2.265
17/12/2006,10:03:00,2.55
17/12/2006,10:04:00,3.477
17/12/2006,10:05:00,1.99
17/12/2006,10:06:00,1.656
17/12/2006,10:07:00,4.568
17/12/2006,10:08:00,3.378
17/12/2006,10:09:00,4.704
17/12/2006,10:10:00,3.676
17/12/2006,10:11:00,2.127
17/12/2006,10:12:00,4.24
17/12/2006,10:13:00,3.815
17/12/2006,10:14:00,5.953
17/12/2006,10:15:00,1.014
17/12/2006,10:16:00,5.051
17/12/2006,10:17:00,0.778
17/12/2006,10:18:00,3.631
17/12/2006,10:19:00,2.431
17/12/2006,10:20:00,2.623
17/12/2006,10:21:00,5.546
17/12/2006,10:22:00,3.308
17/12/2006,10:23:00,0.83
17/12/2006,10:24:00,4.894
17/12/2006,10:25:00,4.886
17/12/2006,10:26:00,0.761
17/12/2006,10:27:00,1.727
17/12/2006,10:28:00,5.516
17/12/2006,10:29:00,5.077
17/12/2006,10:30:00,5.434
17/12/2006,10:31:00,3.974
17/12/2006,10:32:00,3.781
17/12/2006,10:33:00,3.982
17/12/2006,10:34:00,5.5
17/12/2006,10:35:00,4.212
17/12/2006,10:36:00,3.157
17/12/2006,10:37:00,1.903
17/12/2006,10:38:00,3.198
17/12/2006,10:39:00,3.357
17/12/2006,10:40:00,2.261
17/12/2006,10:41:00,1.463
17/12/2006,10:42:00,1.381
17/12/2006,10:43:00,2.842
17/12/2006,10:44:00,0.775
17/12/2006,10:45:00,2.524
17/12/2006,10:46:00,1.964
17/12/2006,10:47:00,5.119
17/12/2006,10:48:00,4.429
17/12/2006,10:49:00,1.2
17/12/2006,10:50:00,1.797
17/12/2006,10:51:00,4.58
17/12/2006,10:52:00,4.208
17/12/2006,10:53:00,1.824
17/12/2006,10:54:00,4.295
17/12/2006,10:55:00,3.804
17/12/2006,10:56:00,4.133
17/12/2006,10:57:00,2.64
17/12/2006,10:58:00,2.969
17/12/2006,10:59:00,1.2
17/12/2006,11:00:00,3.231
17/12/2006,11:01:00,0.957
17/12/2006,11:02:00,1.333
17/12/2006,11:03:00,3.125
17/12/2006,11:04:00,5.442
17/12/2006,11:05:00,4.761
17/12/2006,11:06:00,2.07
17/12/2006,11:07:00,4.228
17/12/2006,11:08:00,1.04
17/12/2006,11:09:00,5.707
17/12/2006,11:10:00,2.677
17/12/2006,11:11:00,5.629
17/12/2006,11:12:00,1.315
17/12/2006,11:13:00,4.438
17/12/2006,11:14:00,4.488
17/12/2006,11:15:00,0.798
17/12/2006,11:16:00,1.087
17/12/2006,11:17:00,4.563
17/12/2006,11:18:00,5.909
17/12/2006,11:19:00,1.426
17/12/2006,11:20:00,4.422
17/12/2006,11:21:00,3.593
17/12/2006,11:22:00,2.47
17/12/2006,11:23:00,1.662
17/12/2006,11:24:00,5.259
17/12/2006,11:25:00,4.214
17/12/2006,11:26:00,5.916
17/12/2006,11:27:00,1.474
17/12/2006,11:28:00,2.353
17/12/2006,11:29:00,0.965
17/12/2006,11:30:00,1.016
17/12/2006,11:31:00,0.902
17/12/2006,11:32:00,1.973
17/12/2006,11:33:00,3.601
17/12/2006,11:34:00,4.269
17/12/2006,11:35:00,5.909
17/12/2006,11:36:00,4.374
17/12/2006,11:37:00,3.342
17/12/2006,11:38:00,1.333
17/12/2006,11:39:00,5.501
17/12/2006,11:40:00,2.325
17/12/2006,11:41:00,5.322
17/12/2006,11:42:00,4.288
17/12/2006,11:43:00,5.327
17/12/2006,11:44:00,1.688
17/12/2006,11:45:00,4.915
17/12/2006,11:46:00,2.075
17/12/2006,11:47:00,4.234
17/12/2006,11:48:00,3.954
17/12/2006,11:49:00,1.476
17/12/2006,11:50:00,4.671
17/12/2006,11:51:00,5.168
17/12/2006,11:52:00,3.523
17/12/2006,11:53:00,3.432
17/12/2006,11:54:00,5.14
17/12/2006,11:55:00,5.257
17/12/2006,11:56:00,0.819
17/12/2006,11:57:00,5.92
17/12/2006,11:58:00,2.78
17/12/2006,11:59:00,4.219
17/12/2006,12:00:00,4.428
17/12/2006,12:01:00,3.141
17/12/2006,12:02:00,3.382
17/12/2006,12:03:00,4.157
17/12/2006,12:04:00,5.02
17/12/2006,12:05:00,2.682
17/12/2006,12:06:00,2.194
17/12/2006,12:07:00,4.884
17/12/2006,12:08:00,4.269
17/12/2006,12:09:00,0.92
17/12/2006,12:10:00,3.294
17/12/2006,12:11:00,4.301
17/12/2006,12:12:00,1.211
17/12/2006,12:13:00,2.85
17/12/2006,12:14:00,4.234
17/12/2006,12:15:00,3.882
17/12/2006,12:16:00,5.993
17/12/2006,12:17:00,2.788
17/12/2006,12:18:00,3.462
17/12/2006,12:19:00,2.249
17/12/2006,12:20:00,3.738
17/12/2006,12:21:00,5.887
17/12/2006,12:22:00,1.049
17/12/2006,12:23:00,5.939
17/12/2006,12:24:00,1.462
17/12/2006,12:25:00,5.289
17/12/2006,12:26:00,2.989
17/12/2006,12:27:00,3.445
17/12/2006,12:28:00,2.192
17/12/2006,12:29:00,2.132
17/12/2006,12:30:00,3.154
17/12/2006,12:31:00,2.827
17/12/2006,12:32:00,1.188
17/12/2006,12:33:00,1.298
17/12/2006,12:34:00,3.73
17/12/2006,12:35:00,1.812
17/12/2006,12:36:00,5.56
17/12/2006,12:37:00,1.25
17/12/2006,12:38:00,3.428
17/12/2006,12:39:00,3.98
17/12/2006,12:40:00,2.63
17/12/2006,12:41:00,2.419
17/12/2006,12:42:00,2.391
17/12/2006,12:43:00,5.779
17/12/2006,12:44:00,1.716
17/12/2006,12:45:00,2.387
17/12/2006,12:46:00,5.806
17/12/2006,12:47:00,0.946
17/12/2006,12:48:00,0.925
17/12/2006,12:49:00,5.849
17/12/2006,12:50:00,1.73
17/12/2006,12:51:00,5.65
17/12/2006,12:52:00,5.437
17/12/2006,12:53:00,1.367
17/12/2006,12:54:00,1.709
17/12/2006,12:55:00,3.757
17/12/2006,12:56:00,1.932
17/12/2006,12:57:00,3.116
17/12/2006,12:58:00,3.56
17/12/2006,12:59:00,4.223
17/12/2006,13:00:00,5.208
17/12/2006,13:01:00,3.341
17/12/2006,13:02:00,4.226
17/12/2006,13:03:00,2.503
17/12/2006,13:04:00,5.198
17/12/2006,13:05:00,3.57
17/12/2006,13:06:00,5.411
17/12/2006,13:07:00,5.939
17/12/2006,13:08:00,5.751
17/12/2006,13:09:00,1.765
17/12/2006,13:10:00,0.567
17/12/2006,13:11:00,3.765
17/12/2006,13:12:00,2.421
17/12/2006,13:13:00,0.906
17/12/2006,13:14:00,0.823
17/12/2006,13:15:00,5.702
17/12/2006,13:16:00,1.917
17/12/2006,13:17:00,1.386
17/12/2006,13:18:00,5.309
17/12/2006,13:19:00,3.91
17/12/2006,13:20:00,2.338
17/12/2006,13:21:00,2.72
17/12/2006,13:22:00,1.6
17/12/2006,13:23:00,5.199
17/12/2006,13:24:00,3.567
17/12/2006,13:25:00,2.088
17/12/2006,13:26:00,0.624
17/12/2006,13:27:00,5.801
17/12/2006,13:28:00,1.252
17/12/2006,13:29:00,4.232
17/12/2006,13:30:00,4.365
17/12/2006,13:31:00,3.303
17/12/2006,13:32:00,3.164
17/12/2006,13:33:00,5.145
17/12/2006,13:34:00,5.321
17/12/2006,13:35:00,4.16
17/12/2006,13:36:00,1.665
17/12/2006,13:37:00,3.187
17/12/2006,13:38:00,5.376
17/12/2006,13:39:00,2.422
17/12/2006,13:40:00,0.881
17/12/2006,13:41:00,4.449
17/12/2006,13:42:00,2.62
17/12/2006,13:43:00,4.976
17/12/2006,13:44:00,1.147
17/12/2006,13:45:00,3.175
17/12/2006,13:46:00,5.044
17/12/2006,13:47:00,1.022
17/12/2006,13:48:00,1.751
17/12/2006,13:49:00,4.434
17/12/2006,13:50:00,5.444
17/12/2006,13:51:00,0.917
17/12/2006,13:52:00,1.035
17/12/2006,13:53:00,5.858
17/12/2006,13:54:00,3.023
17/12/2006,13:55:00,4.742
17/12/2006,13:56:00,1.363
17/12/2006,13:57:00,1.67
17/12/2006,13:58:00,5.491
17/12/2006,13:59:00,0.74
17/12/2006,14:00:00,2.694
17/12/2006,14:01:00,2.876
17/12/2006,14:02:00,2.445
17/12/2006,14:03:00,5.709
17/12/2006,14:04:00,5.662
17/12/2006,14:05:00,1.117
17/12/2006,14:06:00,1.941
17/12/2006,14:07:00,3.751
17/12/2006,14:08:00,5.884
17/12/2006,14:09:00,2.865
17/12/2006,14:10:00,3.239
17/12/2006,14:11:00,1.604
17/12/2006,14:12:00,1.244
17/12/2006,14:13:00,0.933
17/12/2006,14:14:00,3.416
17/12/2006,14:15:00,4.39
17/12/2006,14:16:00,3.058
17/12/2006,14:17:00,5.554
17/12/2006,14:18:00,0.977
17/12/2006,14:19:00,4.101
17/12/2006,14:20:00,1.707
17/12/2006,14:21:00,4.3
17/12/2006,14:22:00,2.739
17/12/2006,14:23:00,2.503
17/12/2006,14:24:00,3.766
17/12/2006,14:25:00,4.406
17/12/2006,14:26:00,1.981
17/12/2006,14:27:00,3.364
17/12/2006,14:28:00,3.811
17/12/2006,14:29:00,4.896
17/12/2006,14:30:00,5.775
17/12/2006,14:31:00,5.237
17/12/2006,14:32:00,5.522
17/12/2006,14:33:00,4.044
17/12/2006,14:34:00,4.994
17/12/2006,14:35:00,3.707
17/12/2006,14:36:00,2.97
17/12/2006,14:37:00,2.655
17/12/2006,14:38:00,0.849
17/12/2006,14:39:00,3.806
17/12/2006,14:40:00,1.947
17/12/2006,14:41:00,5.652
17/12/2006,14:42:00,4.659
17/12/2006,14:43:00,0.746
17/12/2006,14:44:00,0.951
17/12/2006,14:45:00,3.082
17/12/2006,14:46:00,3.446
17/12/2006,14:47:00,1.162
17/12/2006,14:48:00,5.756
17/12/2006,14:49:00,5.552
17/12/2006,14:50:00,4.927
17/12/2006,14:51:00,2.805
17/12/2006,14:52:00,3.027
17/12/2006,14:53:00,5.406
17/12/2006,14:54:00,5.832
17/12/2006,14:55:00,1.236
17/12/2006,14:56:00,2.472
17/12/2006,14:57:00,0.949
17/12/2006,14:58:00,5.873
17/12/2006,14:59:00,4.153
17/12/2006,15:00:00,0.518
17/12/2006,15:01:00,4.127
17/12/2006,15:02:00,3.773
17/12/2006,15:03:00,3.525
17/12/2006,15:04:00,5.302
17/12/2006,15:05:00,5.943
17/12/2006,15:06:00,2.958
17/12/2006,15:07:00,1.872
17/12/2006,15:08:00,5.585
17/12/2006,15:09:00,5.056
17/12/2006,15:10:00,4.8
17/12/2006,15:11:00,1.001
17/12/2006,15:12:00,1.923
17/12/2006,15:13:00,1.218
17/12/2006,15:14:00,3.255
17/12/2006,15:15:00,2.761
17/12/2006,15:16:00,1.824
17/12/2006,15:17:00,5.237
17/12/2006,15:18:00,4.347
17/12/2006,15:19:00,1.347
17/12/2006,15:20:00,5.445
17/12/2006,15:21:00,3.192
17/12/2006,15:22:00,5.33
17/12/2006,15:23:00,0.795
17/12/2006,15:24:00,3.995
17/12/2006,15:25:00,5.418
17/12/2006,15:26:00,3.481
17/12/2006,15:27:00,4.891
17/12/2006,15:28:00,3.292
17/12/2006,15:29:00,3.278
17/12/2006,15:30:00,1.206
17/12/2006,15:31:00,0.642
17/12/2006,15:32:00,5.383
17/12/2006,15:33:00,1.086
17/12/2006,15:34:00,5.805
17/12/2006,15:35:00,3.076
17/12/2006,15:36:00,3.606
17/12/2006,15:37:00,2.936
17/12/2006,15:38:00,2.247
17/12/2006,15:39:00,1.909
17/12/2006,15:40:00,2.315
17/12/2006,15:41:00,5.091
17/12/2006,15:42:00,5.986
17/12/2006,15:43:00,1.252
17/12/2006,15:44:00,1.752
17/12/2006,15:45:00,5.897
17/12/2006,15:46:00,5.456
17/12/2006,15:47:00,3.462
17/12/2006,15:48:00,5.638
17/12/2006,15:49:00,4.038
17/12/2006,15:50:00,4.759
17/12/2006,15:51:00,1.109
17/12/2006,15:52:00,3.911
17/12/2006,15:53:00,3.752
17/12/2006,15:54:00,2.46
17/12/2006,15:55:00,2.489
17/12/2006,15:56:00,1.062
17/12/2006,15:57:00,1.005
17/12/2006,15:58:00,3.846
17/12/2006,15:59:00,4.478
17/12/2006,16:00:00,4.024
17/12/2006,16:01:00,3.577
17/12/2006,16:02:00,1.922
17/12/2006,16:03:00,2.578
17/12/2006,16:04:00,2.168
17/12/2006,16:05:00,3.527
17/12/2006,16:06:00,5.909
17/12/2006,16:07:00,3.518
17/12/2006,16:08:00,2.78
17/12/2006,16:09:00,1.145
17/12/2006,16:10:00,2.151
17/12/2006,16:11:00,1.464
17/12/2006,16:12:00,5.936
17/12/2006,16:13:00,0.533
17/12/2006,16:14:00,4.886
17/12/2006,16:15:00,5.238
17/12/2006,16:16:00,3.2
17/12/2006,16:17:00,5.189
17/12/2006,16:18:00,3.813
17/12/2006,16:19:00,0.93
17/12/2006,16:20:00,4.498
17/12/2006,16:21:00,0.576
17/12/2006,16:22:00,1.53
17/12/2006,16:23:00,3.133
17/12/2006,16:24:00,4.484
17/12/2006,16:25:00,1.481
17/12/2006,16:26:00,4.767
17/12/2006,16:27:00,2.783
17/12/2006,16:28:00,3.648
17/12/2006,16:29:00,5.419
17/12/2006,16:30:00,3.793
17/12/2006,16:31:00,0.991
17/12/2006,16:32:00,3.023
17/12/2006,16:33:00,3.833
17/12/2006,16:34:00,1.742
17/12/2006,16:35:00,4.366
17/12/2006,16:36:00,1.926
17/12/2006,16:37:00,5.729
17/12/2006,16:38:00,1.124
17/12/2006,16:39:00,5.265
17/12/2006,16:40:00,3.739
17/12/2006,16:41:00,5.14
17/12/2006,16:42:00,3.751
17/12/2006,16:43:00,1.681
17/12/2006,16:44:00,4.178
17/12/2006,16:45:00,5.147
17/12/2006,16:46:00,0.676
17/12/2006,16:47:00,1.623
17/12/2006,16:48:00,2.864
17/12/2006,16:49:00,4.112
17/12/2006,16:50:00,4.802
17/12/2006,16:51:00,3.514
17/12/2006,16:52:00,0.89
17/12/2006,16:53:00,5.214
17/12/2006,16:54:00,1.129
17/12/2006,16:55:00,2.51
17/12/2006,16:56:00,4.673
17/12/2006,16:57:00,3.291
17/12/2006,16:58:00,1.703
17/12/2006,16:59:00,5.665
17/12/2006,17:00:00,1.955
17/12/2006,17:01:00,3.002
17/12/2006,17:02:00,3.103
17/12/2006,17:03:00,4.57
17/12/2006,17:04:00,2.005
17/12/2006,17:05:00,5.431
17/12/2006,17:06:00,4.884
17/12/2006,17:07:00,0.964
17/12/2006,17:08:00,4.676
17/12/2006,17:09:00,3.285
17/12/2006,17:10:00,2.043
17/12/2006,17:11:00,5.718
17/12/2006,17:12:00,1.874
17/12/2006,17:13:00,1.219
17/12/2006,17:14:00,2.662
17/12/2006,17:15:00,1.92
17/12/2006,17:16:00,3.123
17/12/2006,17:17:00,5.271
17/12/2006,17:18:00,1.614
17/12/2006,17:19:00,5.513
17/12/2006,17:20:00,1.183
17/12/2006,17:21:00,2.494
17/12/2006,17:22:00,0.56
17/12/2006,17:23:00,1.786
17/12/2006,17:24:00,0.605
17/12/2006,17:25:00,5.628
17/12/2006,17:26:00,3.072
17/12/2006,17:27:00,5.33
17/12/2006,17:28:00,1.477
17/12/2006,17:29:00,1.484
17/12/2006,17:30:00,3.599
17/12/2006,17:31:00,5.757
17/12/2006,17:32:00,4.234
17/12/2006,17:33:00,4.96
17/12/2006,17:34:00,5.259
17/12/2006,17:35:00,4.52
17/12/2006,17:36:00,3.056
17/12/2006,17:37:00,5.332
17/12/2006,17:38:00,3.335
17/12/2006,17:39:00,0.697
17/12/2006,17:40:00,1.954
17/12/2006,17:41:00,2.817
17/12/2006,17:42:00,1.085
17/12/2006,17:43:00,5.441
17/12/2006,17:44:00,0.799
17/12/2006,17:45:00,1.985
17/12/2006,17:46:00,4.729
17/12/2006,17:47:00,2.894
17/12/2006,17:48:00,2.067
17/12/2006,17:49:00,0.508
17/12/2006,17:50:00,2.45
17/12/2006,17:51:00,4.52
17/12/2006,17:52:00,3.429
17/12/2006,17:53:00,1.175
17/12/2006,17:54:00,1.13
17/12/2006,17:55:00,3.941
17/12/2006,17:56:00,5.164
17/12/2006,17:57:00,1.977
17/12/2006,17:58:00,5.939
17/12/2006,17:59:00,4.344
17/12/2006,18:00:00,1.69
17/12/2006,18:01:00,3.008
17/12/2006,18:02:00,5.227
17/12/2006,18:03:00,4.142
17/12/2006,18:04:00,0.685
17/12/2006,18:05:00,4.713
17/12/2006,18:06:00,2.409
17/12/2006,18:07:00,3.351
17/12/2006,18:08:00,2.335
17/12/2006,18:09:00,2.114
17/12/2006,18:10:00,2.318
17/12/2006,18:11:00,3.151
17/12/2006,18:12:00,1.301
17/12/2006,18:13:00,0.982
17/12/2006,18:14:00,3.689
17/12/2006,18:15:00,2.938
17/12/2006,18:16:00,1.018
17/12/2006,18:17:00,3.514
17/12/2006,18:18:00,3.495
17/12/2006,18:19:00,5.766
17/12/2006,18:20:00,5.627
17/12/2006,18:21:00,4.164
17/12/2006,18:22:00,3.582
17/12/2006,18:23:00,2.977
17/12/2006,18:24:00,4.421
17/12/2006,18:25:00,4.047
17/12/2006,18:26:00,0.79
17/12/2006,18:27:00,1.476
17/12/2006,18:28:00,2.611
17/12/2006,18:29:00,1.724
17/12/2006,18:30:00,2.102
17/12/2006,18:31:00,4.329
17/12/2006,18:32:00,4.712
17/12/2006,18:33:00,3.128
17/12/2006,18:34:00,2.277
17/12/2006,18:35:00,2.097
17/12/2006,18:36:00,4.331
17/12/2006,18:37:00,5.03
17/12/2006,18:38:00,1.267
17/12/2006,18:39:00,5.679
17/12/2006,18:40:00,1.446
17/12/2006,18:41:00,3.306
17/12/2006,18:42:00,5.897
17/12/2006,18:43:00,5.63
17/12/2006,18:44:00,3.044
17/12/2006,18:45:00,0.563
17/12/2006,18:46:00,2.175
17/12/2006,18:47:00,3.848
17/12/2006,18:48:00,5.404
17/12/2006,18:49:00,5.939
17/12/2006,18:50:00,5.0
17/12/2006,18:51:00,3.404
17/12/2006,18:52:00,4.528
17/12/2006,18:53:00,3.614
17/12/2006,18:54:00,2.388
17/12/2006,18:55:00,1.201
17/12/2006,18:56:00,5.147
17/12/2006,18:57:00,1.763
17/12/2006,18:58:00,3.318
17/12/2006,18:59:00,4.004
17/12/2006,19:00:00,4.544
17/12/2006,19:01:00,4.476
17/12/2006,19:02:00,2.582
17/12/2006,19:03:00,4.508
17/12/2006,19:04:00,3.555
17/12/2006,19:05:00,1.758
17/12/2006,19:06:00,5.528
17/12/2006,19:07:00,2.234
17/12/2006,19:08:00,3.672
17/12/2006,19:09:00,4.827
17/12/2006,19:10:00,2.464
17/12/2006,19:11:00,4.482
17/12/2006,19:12:00,1.359
17/12/2006,19:13:00,1.212
17/12/2006,19:14:00,3.339
17/12/2006,19:15:00,1.514
17/12/2006,19:16:00,1.643
17/12/2006,19:17:00,4.981
17/12/2006,19:18:00,1.511
17/12/2006,19:19:00,3.188
17/12/2006,19:20:00,5.89
17/12/2006,19:21:00,2.957
17/12/2006,19:22:00,5.091
17/12/2006,19:23:00,0.911
17/12/2006,19:24:00,1.854
17/12/2006,19:25:00,3.52
17/12/2006,19:26:00,2.528
17/12/2006,19:27:00,2.645
17/12/2006,19:28:00,3.834
17/12/2006,19:29:00,3.031
17/12/2006,19:30:00,2.709
17/12/2006,19:31:00,5.762
17/12/2006,19:32:00,1.343
17/12/2006,19:33:00,3.268
17/12/2006,19:34:00,2.178
17/12/2006,19:35:00,1.328
17/12/2006,19:36:00,3.742
17/12/2006,19:37:00,5.491
17/12/2006,19:38:00,5.713
17/12/2006,19:39:00,2.669
17/12/2006,19:40:00,5.488
17/12/2006,19:41:00,0.874
17/12/2006,19:42:00,4.56
17/12/2006,19:43:00,3.648
17/12/2006,19:44:00,1.014
17/12/2006,19:45:00,0.547
17/12/2006,19:46:00,0.633
17/12/2006,19:47:00,4.813
17/12/2006,19:48:00,5.443
17/12/2006,19:49:00,0.635
17/12/2006,19:50:00,1.319
17/12/2006,19:51:00,0.942
17/12/2006,19:52:00,3.614
17/12/2006,19:53:00,0.589
17/12/2006,19:54:00,2.713
17/12/2006,19:55:00,4.088
17/12/2006,19:56:00,5.304
17/12/2006,19:57:00,5.833
17/12/2006,19:58:00,2.039
17/12/2006,19:59:00,4.399
17/12/2006,20:00:00,1.216
17/12/2006,20:01:00,5.168
17/12/2006,20:02:00,1.465
17/12/2006,20:03:00,5.309
17/12/2006,20:04:00,0.693
17/12/2006,20:05:00,2.221
17/12/2006,20:06:00,1.995
17/12/2006,20:07:00,2.934
17/12/2006,20:08:00,5.782
17/12/2006,20:09:00,5.85
17/12/2006,20:10:00,2.949
17/12/2006,20:11:00,0.594
17/12/2006,20:12:00,2.043
17/12/2006,20:13:00,3.838
17/12/2006,20:14:00,0.723
17/12/2006,20:15:00,5.101
17/12/2006,20:16:00,1.053
17/12/2006,20:17:00,5.482
17/12/2006,20:18:00,2.116
17/12/2006,20:19:00,5.909
17/12/2006,20:20:00,1.885
17/12/2006,20:21:00,2.775
17/12/2006,20:22:00,5.507
17/12/2006,20:23:00,3.708
17/12/2006,20:24:00,2.78
17/12/2006,20:25:00,1.93
17/12/2006,20:26:00,5.054
17/12/2006,20:27:00,1.694
17/12/2006,20:28:00,3.114
17/12/2006,20:29:00,3.735
17/12/2006,20:30:00,5.676
17/12/2006,20:31:00,2.021
17/12/2006,20:32:00,2.88
17/12/2006,20:33:00,4.508
17/12/2006,20:34:00,1.168
17/12/2006,20:35:00,2.145
17/12/2006,20:36:00,4.446
17/12/2006,20:37:00,4.871
17/12/2006,20:38:00,2.077
17/12/2006,20:39:00,5.139
17/12/2006,20:40:00,4.3
17/12/2006,20:41:00,0.812
17/12/2006,20:42:00,4.543
17/12/2006,20:43:00,4.824
17/12/2006,20:44:00,2.905
17/12/2006,20:45:00,5.253
17/12/2006,20:46:00,3.34
17/12/2006,20:47:00,0.723
17/12/2006,20:48:00,0.972
17/12/2006,20:49:00,2.122
17/12/2006,20:50:00,2.017
17/12/2006,20:51:00,1.353
17/12/2006,20:52:00,3.807
17/12/2006,20:53:00,4.273
17/12/2006,20:54:00,4.823
17/12/2006,20:55:00,3.765
17/12/2006,20:56:00,3.446
17/12/2006,20:57:00,4.448
17/12/2006,20:58:00,4.466
17/12/2006,20:59:00,3.12
17/12/2006,21:00:00,3.422
17/12/2006,21:01:00,2.447
17/12/2006,21:02:00,0.81
17/12/2006,21:03:00,5.844
17/12/2006,21:04:00,4.355
17/12/2006,21:05:00,1.981
17/12/2006,21:06:00,3.143
17/12/2006,21:07:00,3.736
17/12/2006,21:08:00,3.069
17/12/2006,21:09:00,4.736
17/12/2006,21:10:00,1.093
17/12/2006,21:11:00,5.175
17/12/2006,21:12:00,4.717
17/12/2006,21:13:00,1.954
17/12/2006,21:14:00,3.729
17/12/2006,21:15:00,5.672
17/12/2006,21:16:00,2.501
17/12/2006,21:17:00,2.274
17/12/2006,21:18:00,5.667
17/12/2006,21:19:00,1.819
17/12/2006,21:20:00,2.896
17/12/2006,21:21:00,0.9
17/12/2006,21:22:00,5.496
17/12/2006,21:23:00,4.551
17/12/2006,21:24:00,3.88
17/12/2006,21:25:00,3.795
17/12/2006,21:26:00,2.619
17/12/2006,21:27:00,5.195
17/12/2006,21:28:00,1.738
17/12/2006,21:29:00,3.787
17/12/2006,21:30:00,2.622
17/12/2006,21:31:00,0.798
17/12/2006,21:32:00,3.278
17/12/2006,21:33:00,4.887
17/12/2006,21:34:00,1.345
17/12/2006,21:35:00,4.306
17/12/2006,21:36:00,3.766
17/12/2006,21:37:00,5.55
17/12/2006,21:38:00,2.808
17/12/2006,21:39:00,0.895
17/12/2006,21:40:00,0.961
17/12/2006,21:41:00,5.823
17/12/2006,21:42:00,5.123
17/12/2006,21:43:00,1.939
17/12/2006,21:44:00,1.661
17/12/2006,21:45:00,3.37
17/12/2006,21:46:00,2.675
17/12/2006,21:47:00,3.29
17/12/2006,21:48:00,0.575
17/12/2006,21:49:00,1.128
17/12/2006,21:50:00,5.857
17/12/2006,21:51:00,2.386
17/12/2006,21:52:00,2.317
17/12/2006,21:53:00,0.731
17/12/2006,21:54:00,0.753
17/12/2006,21:55:00,2.909
17/12/2006,21:56:00,4.159
17/12/2006,21:57:00,4.739
17/12/2006,21:58:00,5.464
17/12/2006,21:59:00,4.523
17/12/2006,22:00:00,1.077
17/12/2006,22:01:00,1.612
17/12/2006,22:02:00,3.99
17/12/2006,22:03:00,4.439
17/12/2006,22:04:00,4.461
17/12/2006,22:05:00,5.004
17/12/2006,22:06:00,3.085
17/12/2006,22:07:00,1.944
17/12/2006,22:08:00,0.839
17/12/2006,22:09:00,4.455
17/12/2006,22:10:00,3.489
17/12/2006,22:11:00,0.86
17/12/2006,22:12:00,1.023
17/12/2006,22:13:00,3.034
17/12/2006,22:14:00,1.067
17/12/2006,22:15:00,4.738
17/12/2006,22:16:00,4.311
17/12/2006,22:17:00,1.117
17/12/2006,22:18:00,1.139
17/12/2006,22:19:00,3.579
17/12/2006,22:20:00,3.555
17/12/2006,22:21:00,1.77
17/12/2006,22:22:00,2.994
17/12/2006,22:23:00,1.213
17/12/2006,22:24:00,0.795
17/12/2006,22:25:00,5.51
17/12/2006,22:26:00,0.684
17/12/2006,22:27:00,2.115
17/12/2006,22:28:00,4.107
17/12/2006,22:29:00,2.319
17/12/2006,22:30:00,1.203
17/12/2006,22:31:00,4.076
17/12/2006,22:32:00,1.491
17/12/2006,22:33:00,3.88
17/12/2006,22:34:00,3.029
17/12/2006,22:35:00,5.912
17/12/2006,22:36:00,3.833
17/12/2006,22:37:00,5.708
17/12/2006,22:38:00,5.626
17/12/2006,22:39:00,1.632
17/12/2006,22:40:00,5.367
17/12/2006,22:41:00,1.172
17/12/2006,22:42:00,5.053
17/12/2006,22:43:00,4.114
17/12/2006,22:44:00,5.789
17/12/2006,22:45:00,0.685
17/12/2006,22:46:00,4.96
17/12/2006,22:47:00,5.8
17/12/2006,22:48:00,3.647
17/12/2006,22:49:00,5.308
17/12/2006,22:50:00,5.142
17/12/2006,22:51:00,2.503
17/12/2006,22:52:00,2.583
17/12/2006,22:53:00,4.901
17/12/2006,22:54:00,1.691
17/12/2006,22:55:00,4.951
17/12/2006,22:56:00,1.503
17/12/2006,22:57:00,3.914
17/12/2006,22:58:00,4.578
17/12/2006,22:59:00,4.194
17/12/2006,23:00:00,0.829
17/12/2006,23:01:00,3.827
17/12/2006,23:02:00,4.415
17/12/2006,23:03:00,5.489
17/12/2006,23:04:00,3.924
17/12/2006,23:05:00,4.533
17/12/2006,23:06:00,2.786
17/12/2006,23:07:00,5.399
17/12/2006,23:08:00,2.526
17/12/2006,23:09:00,4.561
17/12/2006,23:10:00,5.11
17/12/2006,23:11:00,2.504
17/12/2006,23:12:00,3.585
17/12/2006,23:13:00,1.63
17/12/2006,23:14:00,4.861
17/12/2006,23:15:00,4.607
17/12/2006,23:16:00,1.548
17/12/2006,23:17:00,5.839
17/12/2006,23:18:00,2.2
17/12/2006,23:19:00,0.523
17/12/2006,23:20:00,3.082
17/12/2006,23:21:00,1.341
17/12/2006,23:22:00,3.861
17/12/2006,23:23:00,1.561
17/12/2006,23:24:00,1.707
17/12/2006,23:25:00,3.021
17/12/2006,23:26:00,3.751
17/12/2006,23:27:00,3.46
17/12/2006,23:28:00,4.676
17/12/2006,23:29:00,2.224
17/12/2006,23:30:00,1.31
17/12/2006,23:31:00,4.737
17/12/2006,23:32:00,1.326
17/12/2006,23:33:00,3.603
17/12/2006,23:34:00,5.364
17/12/2006,23:35:00,4.778
17/12/2006,23:36:00,1.911
17/12/2006,23:37:00,3.227
17/12/2006,23:38:00,2.399
17/12/2006,23:39:00,2.911
17/12/2006,23:40:00,3.785
17/12/2006,23:41:00,2.615
17/12/2006,23:42:00,5.229
17/12/2006,23:43:00,3.329
17/12/2006,23:44:00,5.044
17/12/2006,23:45:00,4.719
17/12/2006,23:46:00,4.316
17/12/2006,23:47:00,1.93
17/12/2006,23:48:00,1.393
17/12/2006,23:49:00,3.844
17/12/2006,23:50:00,4.817
17/12/2006,23:51:00,2.25
17/12/2006,23:52:00,5.047
17/12/2006,23:53:00,2.06
17/12/2006,23:54:00,3.949
17/12/2006,23:55:00,1.594
17/12/2006,23:56:00,1.686
17/12/2006,23:57:00,4.541
17/12/2006,23:58:00,2.729
17/12/2006,23:59:00,5.569
18/12/2006,00:00:00,4.887
18/12/2006,00:01:00,3.426
18/12/2006,00:02:00,5.492
18/12/2006,00:03:00,4.268
18/12/2006,00:04:00,2.331
18/12/2006,00:05:00,4.202
18/12/2006,00:06:00,4.777
18/12/2006,00:07:00,4.137
18/12/2006,00:08:00,3.902
18/12/2006,00:09:00,4.903
18/12/2006,00:10:00,4.755
18/12/2006,00:11:00,4.504
18/12/2006,00:12:00,3.562
18/12/2006,00:13:00,3.603
18/12/2006,00:14:00,3.519
18/12/2006,00:15:00,5.663
18/12/2006,00:16:00,2.181
18/12/2006,00:17:00,1.612
18/12/2006,00:18:00,4.76
18/12/2006,00:19:00,3.55
18/12/2006,00:20:00,2.277
18/12/2006,00:21:00,2.013
18/12/2006,00:22:00,0.83
18/12/2006,00:23:00,2.531
18/12/2006,00:24:00,2.45
18/12/2006,00:25:00,2.591
18/12/2006,00:26:00,2.81
18/12/2006,00:27:00,2.83
18/12/2006,00:28:00,4.721
18/12/2006,00:29:00,3.486
18/12/2006,00:30:00,2.167
18/12/2006,00:31:00,3.51
18/12/2006,00:32:00,5.719
18/12/2006,00:33:00,1.73
18/12/2006,00:34:00,3.432
18/12/2006,00:35:00,2.784
18/12/2006,00:36:00,4.004
18/12/2006,00:37:00,5.221
18/12/2006,00:38:00,5.287
18/12/2006,00:39:00,1.758
18/12/2006,00:40:00,4.011
18/12/2006,00:41:00,0.662
18/12/2006,00:42:00,5.518
18/12/2006,00:43:00,2.484
18/12/2006,00:44:00,5.108
18/12/2006,00:45:00,4.809
18/12/2006,00:46:00,5.295
18/12/2006,00:47:00,1.486
18/12/2006,00:48:00,4.577
18/12/2006,00:49:00,3.852
18/12/2006,00:50:00,5.656
18/12/2006,00:51:00,2.1
18/12/2006,00:52:00,2.909
18/12/2006,00:53:00,5.431
18/12/2006,00:54:00,2.904
18/12/2006,00:55:00,3.31
18/12/2006,00:56:00,1.684
18/12/2006,00:57:00,3.38
18/12/2006,00:58:00,5.721
18/12/2006,00:59:00,1.563
18/12/2006,01:00:00,1.335
18/12/2006,01:01:00,0.647
18/12/2006,01:02:00,1.017
18/12/2006,01:03:00,2.292
18/12/2006,01:04:00,2.828
18/12/2006,01:05:00,1.414
18/12/2006,01:06:00,2.407
18/12/2006,01:07:00,4.897
18/12/2006,01:08:00,5.458
18/12/2006,01:09:00,4.475
18/12/2006,01:10:00,4.885
18/12/2006,01:11:00,5.092
18/12/2006,01:12:00,1.021
18/12/2006,01:13:00,1.816
18/12/2006,01:14:00,2.287
18/12/2006,01:15:00,3.584
18/12/2006,01:16:00,1.116
18/12/2006,01:17:00,1.616
18/12/2006,01:18:00,1.796
18/12/2006,01:19:00,0.605
18/12/2006,01:20:00,3.342
18/12/2006,01:21:00,4.349
18/12/2006,01:22:00,5.281
18/12/2006,01:23:00,5.87
18/12/2006,01:24:00,0.804
18/12/2006,01:25:00,5.184
18/12/2006,01:26:00,0.626
18/12/2006,01:27:00,3.554
18/12/2006,01:28:00,5.686
18/12/2006,01:29:00,1.724
18/12/2006,01:30:00,1.315
18/12/2006,01:31:00,4.305
18/12/2006,01:32:00,4.754
18/12/2006,01:33:00,5.641
18/12/2006,01:34:00,3.895
18/12/2006,01:35:00,5.204
18/12/2006,01:36:00,5.782
18/12/2006,01:37:00,4.695
18/12/2006,01:38:00,1.46
18/12/2006,01:39:00,2.406
18/12/2006,01:40:00,0.97
18/12/2006,01:41:00,0.917
18/12/2006,01:42:00,1.015
18/12/2006,01:43:00,4.018
18/12/2006,01:44:00,0.513
18/12/2006,01:45:00,4.914
18/12/2006,01:46:00,0.929
18/12/2006,01:47:00,3.692
18/12/2006,01:48:00,5.285
18/12/2006,01:49:00,2.242
18/12/2006,01:50:00,2.691
18/12/2006,01:51:00,2.815
18/12/2006,01:52:00,2.497
18/12/2006,01:53:00,2.523
18/12/2006,01:54:00,1.156
18/12/2006,01:55:00,1.794
18/12/2006,01:56:00,4.456
18/12/2006,01:57:00,1.271
18/12/2006,01:58:00,3.33
18/12/2006,01:59:00,4.301
18/12/2006,02:00:00,3.658
18/12/2006,02:01:00,2.32
18/12/2006,02:02:00,0.836
18/12/2006,02:03:00,1.933
18/12/2006,02:04:00,3.323
18/12/2006,02:05:00,1.423
18/12/2006,02:06:00,5.202
18/12/2006,02:07:00,0.567
18/12/2006,02:08:00,5.132
18/12/2006,02:09:00,3.246
18/12/2006,02:10:00,2.13
18/12/2006,02:11:00,3.767
18/12/2006,02:12:00,5.472
18/12/2006,02:13:00,1.919
18/12/2006,02:14:00,1.463
18/12/2006,02:15:00,2.427
18/12/2006,02:16:00,5.994
18/12/2006,02:17:00,3.252
18/12/2006,02:18:00,4.545
18/12/2006,02:19:00,1.859
18/12/2006,02:20:00,3.883
18/12/2006,02:21:00,3.289
18/12/2006,02:22:00,3.16
18/12/2006,02:23:00,0.689
18/12/2006,02:24:00,3.236
18/12/2006,02:25:00,0.538
18/12/2006,02:26:00,1.367
18/12/2006,02:27:00,4.519
18/12/2006,02:28:00,4.143
18/12/2006,02:29:00,0.553
18/12/2006,02:30:00,5.237
18/12/2006,02:31:00,4.082
18/12/2006,02:32:00,2.135
18/12/2006,02:33:00,2.783
18/12/2006,02:34:00,1.357
18/12/2006,02:35:00,5.052
18/12/2006,02:36:00,0.543
18/12/2006,02:37:00,1.362
18/12/2006,02:38:00,2.11
18/12/2006,02:39:00,3.42
18/12/2006,02:40:00,2.947
18/12/2006,02:41:00,4.448
18/12/2006,02:42:00,3.336
18/12/2006,02:43:00,4.998
